date,city_public,store_code,store_name_public,gmv,orders,qty,aov,items_per_order,active_sku,oneprice_share,pinghaofan_share
2025-12-29,City_01,S04,Store_04,2445.2,154,187,15.877922077922078,1.2142857142857142,46,0.0,0.1412563389497791
2025-12-29,City_01,S05,Store_05,1885.2,128,141,14.728125,1.1015625,45,0.0,0.033312115425419
2025-12-29,City_01,S08,Store_08,2033.9,114,126,17.84122807017544,1.105263157894737,42,0.0,0.0385958011701656
2025-12-29,City_01,S09,Store_09,2781.81,200,240,13.90905,1.2,44,0.0,0.1241637638803512
2025-12-29,City_01,S11,Store_11,1356.0,102,116,13.294117647058824,1.1372549019607845,38,0.0,0.0231563421828908
2025-12-29,City_01,S12,Store_12,4423.0,270,345,16.381481481481483,1.2777777777777777,54,0.0,0.0638932851006104
2025-12-29,City_01,S13,Store_13,842.9,49,65,17.20204081632653,1.326530612244898,30,0.0,0.1117570293035947
2025-12-29,City_02,S01,Store_01,573.46,42,46,13.653809523809525,1.0952380952380951,22,0.0,0.1543263697555191
2025-12-29,City_02,S02,Store_02,1205.4,61,71,19.76065573770492,1.1639344262295082,26,0.0,0.0123610419777667
2025-12-29,City_02,S03,Store_03,1660.0,104,114,15.961538461538462,1.0961538461538465,43,0.0,0.0538554216867469
2025-12-29,City_02,S06,Store_06,1758.7000000000005,103,113,17.0747572815534,1.0970873786407769,34,0.0,0.1524990049468357
2025-12-29,City_02,S07,Store_07,2802.0,168,172,16.678571428571427,1.0238095238095235,38,0.0,0.0
2025-12-29,City_02,S10,Store_10,718.6600000000001,41,44,17.528292682926832,1.0731707317073171,20,0.0,0.0
2025-12-30,City_01,S04,Store_04,2365.0,148,171,15.97972972972973,1.1554054054054057,45,0.0,0.0863002114164905
2025-12-30,City_01,S05,Store_05,1402.3,93,114,15.078494623655914,1.2258064516129032,41,0.0,0.0447835698495329
2025-12-30,City_01,S08,Store_08,3585.4,212,259,16.912264150943397,1.221698113207547,48,0.0,0.0350309588888269
2025-12-30,City_01,S09,Store_09,3547.99,248,306,14.30641129032258,1.2338709677419355,47,0.0,0.0708006505091615
2025-12-30,City_01,S11,Store_11,1594.9,120,131,13.290833333333332,1.0916666666666666,40,0.0,0.0492193867954103
2025-12-30,City_01,S12,Store_12,3508.5,240,291,14.61875,1.2125,51,0.0,0.0894969360125409
2025-12-30,City_01,S13,Store_13,1056.0,67,75,15.761194029850746,1.1194029850746268,31,0.0,0.1486742424242424
2025-12-30,City_02,S01,Store_01,1051.3,64,66,16.4265625,1.03125,28,0.0,0.0838961286026824
2025-12-30,City_02,S02,Store_02,928.2,46,55,20.178260869565214,1.1956521739130437,24,0.0,0.0642102995044171
2025-12-30,City_02,S03,Store_03,1557.7,102,115,15.27156862745098,1.1274509803921569,38,0.0,0.0478269243114848
2025-12-30,City_02,S06,Store_06,2037.3,117,127,17.412820512820513,1.0854700854700854,42,0.0,0.0365680066755018
2025-12-30,City_02,S07,Store_07,2186.78,136,138,16.079264705882355,1.0147058823529411,39,0.0,0.0
2025-12-30,City_02,S10,Store_10,760.1,45,47,16.891111111111112,1.0444444444444445,19,0.0,0.0
2025-12-31,City_01,S04,Store_04,4847.3,291,354,16.657388316151202,1.2164948453608246,54,0.0,0.0522352649928826
2025-12-31,City_01,S05,Store_05,3668.6,231,278,15.881385281385285,1.2034632034632036,52,0.0,0.0256773701139399
2025-12-31,City_01,S08,Store_08,4752.4,259,306,18.349034749034747,1.1814671814671815,57,0.0,0.0231251578149987
2025-12-31,City_01,S09,Store_09,8729.0,580,707,15.05,1.2189655172413794,58,0.0,0.0035972047198991
2025-12-31,City_01,S11,Store_11,4357.6,298,345,14.62281879194631,1.157718120805369,50,0.0,0.0180145033963649
2025-12-31,City_01,S12,Store_12,10678.4,669,841,15.961733931240657,1.257100149476831,56,0.0,0.035286185196284
2025-12-31,City_01,S13,Store_13,2441.7,154,175,15.855194805194804,1.1363636363636365,49,0.0,0.064299463488553
2025-12-31,City_02,S01,Store_01,1941.55,124,146,15.657661290322585,1.1774193548387095,41,0.0,0.0609306996986943
2025-12-31,City_02,S02,Store_02,3238.4,178,196,18.19325842696629,1.101123595505618,44,0.0,0.0184041501976284
2025-12-31,City_02,S03,Store_03,2647.3,156,169,16.969871794871796,1.0833333333333333,47,0.0,0.0393986325690326
2025-12-31,City_02,S06,Store_06,3350.3,188,224,17.820744680851064,1.1914893617021276,47,0.0,0.0044473629227233
2025-12-31,City_02,S07,Store_07,5346.68,312,329,17.136794871794873,1.0544871794871795,42,0.0,0.0
2025-12-31,City_02,S10,Store_10,2386.5,148,151,16.125,1.0202702702702702,32,0.0,0.0
2026-01-01,City_01,S04,Store_04,3681.1,215,268,17.12139534883721,1.2465116279069768,48,0.0,0.0554453831735079
2026-01-01,City_01,S05,Store_05,1574.7,103,124,15.288349514563109,1.203883495145631,46,0.0,0.0697910713151711
2026-01-01,City_01,S08,Store_08,2291.2,133,157,17.227067669172932,1.1804511278195489,48,0.0,0.0411138268156424
2026-01-01,City_01,S09,Store_09,4543.89,277,316,16.403935018050543,1.1407942238267148,52,0.0,0.0
2026-01-01,City_01,S11,Store_11,2613.1,166,198,15.74156626506024,1.1927710843373494,50,0.0,0.0901228426007424
2026-01-01,City_01,S12,Store_12,6055.3,334,451,18.129640718562875,1.3502994011976048,50,0.0,0.1166746486548973
2026-01-01,City_01,S13,Store_13,1439.0,86,110,16.732558139534884,1.2790697674418603,41,0.0,0.0218207088255733
2026-01-01,City_02,S01,Store_01,859.7,62,69,13.866129032258064,1.1129032258064515,33,0.0,0.1545888100500174
2026-01-01,City_02,S02,Store_02,1991.6,111,140,17.942342342342343,1.2612612612612613,37,0.0,0.0074814219722835
2026-01-01,City_02,S03,Store_03,2322.2000000000003,133,161,17.46015037593985,1.2105263157894737,42,0.0,0.0449143054000516
2026-01-01,City_02,S06,Store_06,2567.0,142,163,18.0774647887324,1.147887323943662,43,0.0,0.0754577327619789
2026-01-01,City_02,S07,Store_07,3109.28,177,183,17.566553672316385,1.0338983050847457,34,0.0,0.0
2026-01-01,City_02,S10,Store_10,1165.84,74,74,15.754594594594591,1.0,28,0.0,0.0
2026-01-02,City_01,S04,Store_04,3405.9,224,267,15.204910714285717,1.1919642857142858,50,0.0,0.078364015385067
2026-01-02,City_01,S05,Store_05,1973.7,132,178,14.952272727272728,1.3484848484848484,45,0.0,0.0477276181790545
2026-01-02,City_01,S08,Store_08,2267.5,133,151,17.048872180451127,1.1353383458646618,43,0.0,0.0692392502756339
2026-01-02,City_01,S09,Store_09,3961.21,261,311,15.17704980842912,1.1915708812260537,55,0.0,0.0
2026-01-02,City_01,S11,Store_11,1911.9,127,141,15.054330708661418,1.110236220472441,46,0.0,0.1395993514305141
2026-01-02,City_01,S12,Store_12,5820.3,371,445,15.688140161725068,1.1994609164420484,57,0.0,0.1025033073896534
2026-01-02,City_01,S13,Store_13,1610.1,100,108,16.101,1.08,36,0.0,0.1755170486305198
2026-01-02,City_02,S01,Store_01,1656.52,105,125,15.776380952380952,1.1904761904761905,40,0.0,0.0796851230290005
2026-01-02,City_02,S02,Store_02,1782.1,104,122,17.135576923076925,1.1730769230769231,39,0.0,0.0418046125357724
2026-01-02,City_02,S03,Store_03,2310.6,128,145,18.0515625,1.1328125,39,0.0,0.0515883320349692
2026-01-02,City_02,S06,Store_06,2374.5,135,145,17.58888888888889,1.0740740740740742,42,0.0,0.0753000631711939
2026-01-02,City_02,S07,Store_07,2602.86,167,174,15.585988023952096,1.0419161676646709,32,0.0,0.0
2026-01-02,City_02,S10,Store_10,1015.78,68,68,14.937941176470588,1.0,26,0.0,0.0
2026-01-03,City_01,S04,Store_04,2718.4,186,218,14.61505376344086,1.1720430107526882,49,0.0,0.1270600353148911
2026-01-03,City_01,S05,Store_05,1153.8,83,103,13.901204819277108,1.2409638554216869,37,0.0,0.1224648985959438
2026-01-03,City_01,S08,Store_08,2392.1,154,185,15.533116883116882,1.2012987012987013,49,0.0,0.0393796245976338
2026-01-03,City_01,S09,Store_09,3906.55,255,307,15.319803921568628,1.203921568627451,51,0.0,0.0401889134914438
2026-01-03,City_01,S11,Store_11,990.9,63,74,15.72857142857143,1.1746031746031746,28,0.0,0.0950650923402967
2026-01-03,City_01,S12,Store_12,5477.3,360,447,15.214722222222225,1.2416666666666667,56,0.0,0.0974567761488324
2026-01-03,City_01,S13,Store_13,912.2,68,82,13.414705882352942,1.2058823529411764,34,0.0,0.1376891032668274
2026-01-03,City_02,S01,Store_01,809.43,51,55,15.871176470588232,1.0784313725490196,27,0.0,0.1082243059931062
2026-01-03,City_02,S02,Store_02,1977.6,108,120,18.311111111111117,1.1111111111111112,41,0.0,0.0
2026-01-03,City_02,S03,Store_03,2185.1,122,130,17.910655737704918,1.0655737704918034,42,0.0,0.0272756395588302
2026-01-03,City_02,S06,Store_06,3080.9,169,194,18.2301775147929,1.1479289940828403,48,0.0,0.0773799863676198
2026-01-03,City_02,S07,Store_07,2885.32,191,201,15.106387434554977,1.0523560209424083,40,0.0,0.0
2026-01-03,City_02,S10,Store_10,1370.4,93,95,14.735483870967744,1.021505376344086,34,0.0,0.0
2026-01-04,City_01,S04,Store_04,2164.3,143,156,15.134965034965036,1.0909090909090908,43,0.0,0.1895301021115371
2026-01-04,City_01,S05,Store_05,957.3,68,75,14.077941176470588,1.1029411764705883,32,0.0,0.0984017549357568
2026-01-04,City_01,S08,Store_08,1812.9,99,122,18.31212121212121,1.2323232323232325,44,0.0,0.0433007887914391
2026-01-04,City_01,S09,Store_09,2857.37,192,227,14.882135416666666,1.1822916666666667,45,0.0,0.0755589930600517
2026-01-04,City_01,S11,Store_11,1318.8,98,113,13.457142857142856,1.153061224489796,35,0.0,0.0952380952380952
2026-01-04,City_01,S12,Store_12,3864.6,244,308,15.838524590163937,1.2622950819672132,49,0.0,0.0934378719660508
2026-01-04,City_01,S13,Store_13,1090.0,71,81,15.352112676056338,1.1408450704225352,37,0.0,0.1440366972477064
2026-01-04,City_02,S01,Store_01,744.9,42,46,17.735714285714284,1.0952380952380951,26,0.0,0.1175996778091018
2026-01-04,City_02,S02,Store_02,1442.7,76,85,18.982894736842105,1.118421052631579,28,0.0,0.0103278574894295
2026-01-04,City_02,S03,Store_03,2096.5,132,145,15.882575757575758,1.0984848484848484,45,0.0,0.0497495826377295
2026-01-04,City_02,S06,Store_06,1503.6,90,105,16.706666666666667,1.1666666666666667,38,0.0,0.0099095504123437
2026-01-04,City_02,S07,Store_07,1984.86,129,137,15.386511627906978,1.062015503875969,34,0.0,0.0
2026-01-04,City_02,S10,Store_10,841.6800000000001,49,49,17.177142857142858,1.0,28,0.0,0.0
2026-01-05,City_01,S04,Store_04,2051.8,138,159,14.868115942028988,1.1521739130434785,40,0.0,0.1224290866556194
2026-01-05,City_01,S05,Store_05,1118.1,74,89,15.109459459459458,1.2027027027027026,37,0.0,0.0702083892317324
2026-01-05,City_01,S08,Store_08,2133.8,127,155,16.80157480314961,1.220472440944882,47,0.0,0.0515043584215952
2026-01-05,City_01,S09,Store_09,2587.2,168,239,15.4,1.4226190476190477,47,0.0,0.0895176252319109
2026-01-05,City_01,S11,Store_11,1313.9,106,125,12.395283018867923,1.179245283018868,38,0.0,0.0358474769769388
2026-01-05,City_01,S12,Store_12,3161.5,241,304,13.118257261410788,1.2614107883817427,51,0.0,0.0893879487585007
2026-01-05,City_01,S13,Store_13,1010.7,63,69,16.042857142857144,1.0952380952380951,34,0.0,0.1087365192440882
2026-01-05,City_02,S01,Store_01,1042.9,64,68,16.2953125,1.0625,36,0.0,0.0962700163006999
2026-01-05,City_02,S02,Store_02,1126.4,74,81,15.221621621621622,1.0945945945945943,35,0.0,0.0264559659090909
2026-01-05,City_02,S03,Store_03,1791.5,105,124,17.061904761904763,1.180952380952381,39,0.0,0.0332682109963717
2026-01-05,City_02,S06,Store_06,2321.0000000000005,139,158,16.69784172661871,1.1366906474820144,42,0.0,0.1091339939681171
2026-01-05,City_02,S07,Store_07,1912.62,120,123,15.9385,1.025,36,0.0,0.0
2026-01-05,City_02,S10,Store_10,817.24,55,55,14.85890909090909,1.0,25,0.0,0.0
2026-01-06,City_01,S04,Store_04,1799.7,112,121,16.06875,1.0803571428571428,40,0.0,0.1134077901872534
2026-01-06,City_01,S05,Store_05,1140.1,78,87,14.616666666666664,1.1153846153846154,33,0.0,0.1514779405315323
2026-01-06,City_01,S08,Store_08,2012.9,113,137,17.813274336283186,1.2123893805309736,46,0.0,0.0
2026-01-06,City_01,S09,Store_09,3098.03,218,281,14.211146788990826,1.288990825688073,48,0.0,0.0937692662756655
2026-01-06,City_01,S11,Store_11,1335.8,115,159,11.615652173913045,1.382608695652174,38,0.0,0.0705195388531217
2026-01-06,City_01,S12,Store_12,3767.6,255,306,14.774901960784316,1.2,55,0.0,0.0750079626287291
2026-01-06,City_01,S13,Store_13,996.6,56,58,17.79642857142857,1.0357142857142858,32,0.0,0.173289183222958
2026-01-06,City_02,S01,Store_01,666.6,36,36,18.516666666666666,1.0,20,0.0,0.1243624362436243
2026-01-06,City_02,S02,Store_02,1508.4,91,102,16.575824175824177,1.120879120879121,36,0.0,0.0
2026-01-06,City_02,S03,Store_03,2189.7000000000003,112,124,19.55089285714286,1.1071428571428572,42,0.0,0.0340229255149107
2026-01-06,City_02,S06,Store_06,2217.2000000000003,122,138,18.17377049180328,1.1311475409836065,39,0.0,0.087362439112394
2026-01-06,City_02,S07,Store_07,2183.28,140,143,15.594857142857144,1.0214285714285714,36,0.0,0.0
2026-01-06,City_02,S10,Store_10,979.62,68,69,14.406176470588235,1.0147058823529411,30,0.0,0.0
2026-01-07,City_01,S04,Store_04,2092.7000000000003,135,150,15.501481481481484,1.1111111111111112,45,0.0,0.0975295073350217
2026-01-07,City_01,S05,Store_05,1333.4,81,96,16.46172839506173,1.1851851851851851,40,0.0,0.023548822558872
2026-01-07,City_01,S08,Store_08,1956.1,110,127,17.782727272727275,1.1545454545454543,38,0.0,0.0882879198404989
2026-01-07,City_01,S09,Store_09,2629.58,176,197,14.940795454545452,1.119318181818182,48,0.0,0.041793746529864
2026-01-07,City_01,S11,Store_11,1133.0,91,116,12.45054945054945,1.2747252747252746,36,0.0,0.1524271844660194
2026-01-07,City_01,S12,Store_12,2742.4,179,211,15.320670391061451,1.1787709497206704,50,0.0,0.1087733372228704
2026-01-07,City_01,S13,Store_13,975.7,65,80,15.010769230769233,1.2307692307692308,35,0.0,0.0643640463257148
2026-01-07,City_02,S01,Store_01,734.51,41,45,17.914878048780487,1.0975609756097562,19,0.0,0.3033314726824685
2026-01-07,City_02,S02,Store_02,1315.8,72,80,18.275,1.1111111111111112,32,0.0,0.0
2026-01-07,City_02,S03,Store_03,1995.9,111,135,17.981081081081083,1.2162162162162162,40,0.0,0.0298612154917581
2026-01-07,City_02,S06,Store_06,2169.1,120,144,18.07583333333333,1.2,40,0.0,0.0274768337098335
2026-01-07,City_02,S07,Store_07,2508.04,150,155,16.720266666666667,1.0333333333333334,38,0.0,0.0
2026-01-07,City_02,S10,Store_10,1191.74,65,67,18.33446153846154,1.0307692307692309,26,0.0,0.0
2026-01-08,City_01,S04,Store_04,2138.2,145,167,14.746206896551724,1.1517241379310346,46,0.0,0.1615377420260031
2026-01-08,City_01,S05,Store_05,1150.7,76,93,15.140789473684212,1.2236842105263157,38,0.0,0.0545754757973407
2026-01-08,City_01,S08,Store_08,2153.4,131,160,16.438167938931297,1.2213740458015268,44,0.0,0.0947803473576669
2026-01-08,City_01,S09,Store_09,2808.54,185,221,15.181297297297297,1.1945945945945946,48,0.0,0.044720744586155
2026-01-08,City_01,S11,Store_11,1117.4,71,80,15.738028169014086,1.1267605633802815,35,0.0,0.0281009486307499
2026-01-08,City_01,S12,Store_12,3325.9,206,246,16.14514563106796,1.194174757281553,47,0.0,0.1085721158182747
2026-01-08,City_01,S13,Store_13,800.1,54,62,14.816666666666666,1.148148148148148,29,0.0,0.1962254718160229
2026-01-08,City_02,S01,Store_01,800.3,48,51,16.672916666666666,1.0625,26,0.0,0.210421092090466
2026-01-08,City_02,S02,Store_02,1193.6,72,83,16.57777777777778,1.1527777777777777,30,0.0,0.0
2026-01-08,City_02,S03,Store_03,2185.6000000000004,114,125,19.171929824561406,1.0964912280701755,44,0.0,0.0272693997071742
2026-01-08,City_02,S06,Store_06,1378.3,80,89,17.228749999999998,1.1125,35,0.0,0.1297250235797722
2026-01-08,City_02,S07,Store_07,2252.12,144,153,15.639722222222222,1.0625,41,0.0,0.0
2026-01-08,City_02,S10,Store_10,980.32,74,78,13.247567567567568,1.054054054054054,30,0.0,0.0
2026-01-09,City_01,S04,Store_04,3149.6,218,266,14.447706422018348,1.220183486238532,48,0.0,0.1196342392684785
2026-01-09,City_01,S05,Store_05,1495.5,111,122,13.472972972972974,1.0990990990990992,42,0.0,0.0629889669007021
2026-01-09,City_01,S08,Store_08,2506.1,145,171,17.283448275862067,1.179310344827586,45,0.0,0.0313235704880092
2026-01-09,City_01,S09,Store_09,3234.11,232,273,13.940129310344828,1.1767241379310345,53,0.0,0.0728175603179854
2026-01-09,City_01,S11,Store_11,1129.4,72,93,15.686111111111112,1.2916666666666667,35,0.0,0.0834071188241544
2026-01-09,City_01,S12,Store_12,3639.6,239,314,15.22845188284519,1.3138075313807531,53,0.0,0.0905868776788657
2026-01-09,City_01,S13,Store_13,1045.2,60,75,17.42,1.25,34,0.0,0.1652315346345197
2026-01-09,City_02,S01,Store_01,916.42,58,70,15.800344827586208,1.206896551724138,33,0.0,0.0742017852076558
2026-01-09,City_02,S02,Store_02,1521.2,73,85,20.83835616438356,1.1643835616438356,33,0.0,0.0
2026-01-09,City_02,S03,Store_03,2289.7000000000003,148,171,15.470945945945948,1.1554054054054057,44,0.0,0.0130148054330261
2026-01-09,City_02,S06,Store_06,2449.5,131,140,18.698473282442748,1.068702290076336,44,0.0,0.0851602367830169
2026-01-09,City_02,S07,Store_07,3307.06,200,210,16.5353,1.05,40,0.0,0.0
2026-01-09,City_02,S10,Store_10,622.26,45,48,13.828,1.0666666666666669,26,0.0,0.0
2026-01-10,City_01,S04,Store_04,3326.3,200,234,16.631500000000003,1.17,52,0.0,0.0991191413883293
2026-01-10,City_01,S05,Store_05,1160.8,73,91,15.9013698630137,1.2465753424657535,37,0.0,0.013525155065472
2026-01-10,City_01,S08,Store_08,2117.1,125,137,16.936799999999998,1.096,40,0.0,0.1112370695763072
2026-01-10,City_01,S09,Store_09,4098.18,271,333,15.122435424354244,1.2287822878228782,54,0.0,0.095554612047299
2026-01-10,City_01,S11,Store_11,1116.0,85,105,13.129411764705882,1.2352941176470589,35,0.0,0.0844086021505376
2026-01-10,City_01,S12,Store_12,4292.8,292,387,14.7013698630137,1.3253424657534247,53,0.0,0.0804603056280283
2026-01-10,City_01,S13,Store_13,869.9,44,50,19.770454545454545,1.1363636363636365,25,0.0,0.1082883090010345
2026-01-10,City_02,S01,Store_01,814.7,46,53,17.710869565217394,1.1521739130434785,20,0.0,0.150239351908678
2026-01-10,City_02,S02,Store_02,1921.8,114,128,16.857894736842105,1.1228070175438596,40,0.0,0.0232594442709959
2026-01-10,City_02,S03,Store_03,3268.46,172,181,19.00267441860465,1.052325581395349,47,0.0,0.0577213733684977
2026-01-10,City_02,S06,Store_06,2449.4,129,148,18.98759689922481,1.1472868217054264,43,0.0,0.0729974687678615
2026-01-10,City_02,S07,Store_07,3727.74,220,239,16.94427272727273,1.0863636363636364,39,0.0,0.0
2026-01-10,City_02,S10,Store_10,1474.66,95,96,15.522736842105264,1.0105263157894735,29,0.0,0.0
2026-01-11,City_01,S04,Store_04,3056.1000000000004,198,238,15.434848484848487,1.202020202020202,49,0.0,0.071921730309872
2026-01-11,City_01,S05,Store_05,1719.1,107,139,16.066355140186918,1.2990654205607477,44,0.0,0.0456634285381885
2026-01-11,City_01,S08,Store_08,2555.5,151,169,16.923841059602648,1.119205298013245,44,0.0,0.0614361181764821
2026-01-11,City_01,S09,Store_09,3151.79,206,235,15.29995145631068,1.1407766990291262,50,0.0,0.0585381640274256
2026-01-11,City_01,S11,Store_11,1551.0,101,120,15.356435643564357,1.188118811881188,39,0.0,0.1012250161186331
2026-01-11,City_01,S12,Store_12,4124.8,279,356,14.784229390681004,1.275985663082437,52,0.0,0.0799311481768813
2026-01-11,City_01,S13,Store_13,639.5,36,39,17.76388888888889,1.0833333333333333,21,0.0,0.1473025801407349
2026-01-11,City_02,S01,Store_01,1144.6,81,83,14.130864197530864,1.0246913580246917,34,0.0,0.1114799930106587
2026-01-11,City_02,S02,Store_02,1468.1,92,107,15.957608695652176,1.1630434782608696,34,0.0,0.0202983447994005
2026-01-11,City_02,S03,Store_03,2029.56,128,148,15.8559375,1.15625,40,0.0,0.0604860166735647
2026-01-11,City_02,S06,Store_06,2831.4,165,189,17.16,1.1454545454545455,45,0.0,0.0789362152998516
2026-01-11,City_02,S07,Store_07,3159.52,192,213,16.455833333333334,1.109375,36,0.0,0.0
2026-01-11,City_02,S10,Store_10,1021.74,64,69,15.9646875,1.078125,27,0.0,0.0
2026-01-12,City_01,S04,Store_04,1643.8000000000002,119,138,13.81344537815126,1.1596638655462186,38,0.0,0.1146124832704708
2026-01-12,City_01,S05,Store_05,667.1,43,52,15.513953488372094,1.2093023255813953,26,0.0,0.0706041073302353
2026-01-12,City_01,S08,Store_08,2042.2,118,140,17.30677966101695,1.1864406779661016,42,0.0,0.0307511507198119
2026-01-12,City_01,S09,Store_09,2877.63,191,240,15.066125654450262,1.256544502617801,48,0.0,0.0709264220904007
2026-01-12,City_01,S11,Store_11,1025.8,78,85,13.15128205128205,1.0897435897435896,36,0.0,0.2754922986937025
2026-01-12,City_01,S12,Store_12,3252.1,218,277,14.91788990825688,1.2706422018348624,53,0.0,0.0772423972202576
2026-01-12,City_01,S13,Store_13,864.7,51,54,16.954901960784316,1.0588235294117647,31,0.0,0.1452526887938013
2026-01-12,City_02,S01,Store_01,1283.3,84,90,15.277380952380952,1.0714285714285714,33,0.0,0.0444167380970934
2026-01-12,City_02,S02,Store_02,1281.3,66,76,19.413636363636364,1.1515151515151516,38,0.0,0.0116288144852883
2026-01-12,City_02,S03,Store_03,1788.7,90,101,19.87444444444445,1.1222222222222222,33,0.0,0.0762564991334488
2026-01-12,City_02,S06,Store_06,2043.9,118,133,17.321186440677966,1.1271186440677967,38,0.0,0.1093497724937619
2026-01-12,City_02,S07,Store_07,2059.02,138,140,14.920434782608696,1.0144927536231885,39,0.0,0.0
2026-01-12,City_02,S10,Store_10,940.74,59,59,15.944745762711865,1.0,28,0.0,0.0
2026-01-13,City_01,S04,Store_04,2138.3,145,167,14.74689655172414,1.1517241379310346,40,0.0,0.1321610625263059
2026-01-13,City_01,S05,Store_05,979.3,65,71,15.066153846153846,1.0923076923076922,34,0.0,0.032063718982947
2026-01-13,City_01,S08,Store_08,1923.9,108,129,17.81388888888889,1.1944444444444444,40,0.0,0.089765580331618
2026-01-13,City_01,S09,Store_09,2926.12,221,262,13.240361990950223,1.1855203619909502,47,0.0,0.0691359206047598
2026-01-13,City_01,S11,Store_11,1022.6,66,80,15.493939393939394,1.2121212121212122,38,0.0,0.0767651085468413
2026-01-13,City_01,S12,Store_12,3416.6,218,256,15.672477064220184,1.1743119266055049,50,0.0,0.0919042322777029
2026-01-13,City_01,S13,Store_13,761.58,39,45,19.52769230769231,1.1538461538461535,24,0.0,0.1030751857979463
2026-01-13,City_02,S01,Store_01,810.2,61,69,13.281967213114754,1.1311475409836065,29,0.0,0.0855344359417427
2026-01-13,City_02,S02,Store_02,1094.9,75,82,14.598666666666668,1.0933333333333333,33,0.0,0.013608548725911
2026-01-13,City_02,S03,Store_03,1474.42,101,116,14.598217821782178,1.1485148514851484,38,0.0,0.0740087627677324
2026-01-13,City_02,S06,Store_06,2354.2000000000003,119,132,19.783193277310925,1.1092436974789917,44,0.0,0.0569620253164557
2026-01-13,City_02,S07,Store_07,2469.36,168,179,14.69857142857143,1.0654761904761905,37,0.0,0.0
2026-01-13,City_02,S10,Store_10,891.72,53,53,16.824905660377357,1.0,28,0.0,0.0
2026-01-14,City_01,S04,Store_04,2495.4,141,174,17.697872340425533,1.2340425531914894,40,0.1423419091127674,0.1132483770137052
2026-01-14,City_01,S05,Store_05,1031.5,70,101,14.735714285714286,1.4428571428571428,34,0.0356761997091614,0.0608822103732428
2026-01-14,City_01,S08,Store_08,1886.1,108,125,17.46388888888889,1.1574074074074074,42,0.1445310428927416,0.0749164943534277
2026-01-14,City_01,S09,Store_09,2870.15,179,203,16.034357541899443,1.1340782122905029,50,0.0554674842778252,0.0653275961186697
2026-01-14,City_01,S11,Store_11,895.8,59,65,15.183050847457626,1.1016949152542372,34,0.0888591203393614,0.0701049341370841
2026-01-14,City_01,S12,Store_12,3789.0,252,320,15.035714285714286,1.2698412698412698,51,0.0420163631565056,0.0455793085246766
2026-01-14,City_01,S13,Store_13,1424.7,78,92,18.265384615384612,1.1794871794871795,33,0.0279357057626166,0.0881589106478556
2026-01-14,City_02,S01,Store_01,1322.51,79,108,16.740632911392407,1.3670886075949369,36,0.0,0.0832507882738126
2026-01-14,City_02,S02,Store_02,1587.9,86,95,18.46395348837209,1.1046511627906976,36,0.0,0.0093834624346621
2026-01-14,City_02,S03,Store_03,2504.12,146,158,17.15150684931507,1.082191780821918,40,0.0,0.0886618852131687
2026-01-14,City_02,S06,Store_06,2186.2000000000003,125,135,17.489600000000003,1.08,41,0.0,0.109047662610923
2026-01-14,City_02,S07,Store_07,3121.68,203,211,15.377733990147782,1.0394088669950738,43,0.0,0.0
2026-01-14,City_02,S10,Store_10,1033.16,61,62,16.93704918032787,1.0163934426229508,28,0.0,0.0
2026-01-15,City_01,S04,Store_04,2162.7000000000003,153,195,14.13529411764706,1.2745098039215683,44,0.1458362232394691,0.152448328478291
2026-01-15,City_01,S05,Store_05,1294.3,72,82,17.976388888888888,1.1388888888888888,41,0.1230008498802441,0.0121301089391949
2026-01-15,City_01,S08,Store_08,1619.6,102,133,15.878431372549018,1.303921568627451,44,0.0737219066436157,0.048468757717955
2026-01-15,City_01,S09,Store_09,2828.87,177,200,15.982316384180791,1.1299435028248588,46,0.168830663833969,0.0
2026-01-15,City_01,S11,Store_11,975.0,57,64,17.105263157894736,1.1228070175438596,28,0.2449230769230769,0.0805128205128205
2026-01-15,City_01,S12,Store_12,3812.3,216,276,17.64953703703704,1.2777777777777777,53,0.20433858825381,0.0453007370878472
2026-01-15,City_01,S13,Store_13,1010.0,67,76,15.07462686567164,1.1343283582089552,38,0.1182178217821782,0.0466336633663366
2026-01-15,City_02,S01,Store_01,1227.22,84,101,14.609761904761903,1.2023809523809523,32,0.0,0.1240201430876289
2026-01-15,City_02,S02,Store_02,1548.0,86,94,18.0,1.0930232558139534,42,0.0,0.0
2026-01-15,City_02,S03,Store_03,1920.14,105,110,18.28704761904762,1.0476190476190477,37,0.0,0.0936598373035299
2026-01-15,City_02,S06,Store_06,1783.3,114,130,15.64298245614035,1.1403508771929824,39,0.0,0.0334211854427185
2026-01-15,City_02,S07,Store_07,2730.1400000000003,162,176,16.852716049382718,1.0864197530864197,36,0.0,0.0
2026-01-15,City_02,S10,Store_10,866.6,51,52,16.992156862745098,1.0196078431372548,23,0.0,0.0
2026-01-16,City_01,S04,Store_04,3661.6,242,285,15.130578512396694,1.177685950413223,54,0.1097880707887262,0.0943303473891195
2026-01-16,City_01,S05,Store_05,1313.0,107,132,12.271028037383177,1.233644859813084,39,0.0,0.0239146991622239
2026-01-16,City_01,S08,Store_08,1780.7,92,116,19.355434782608697,1.2608695652173914,46,0.1609479418206323,0.0705340596394676
2026-01-16,City_01,S09,Store_09,2860.96,167,196,17.131497005988024,1.1736526946107784,47,0.1683351043006543,0.0548766847491751
2026-01-16,City_01,S11,Store_11,1399.2,89,98,15.72134831460674,1.101123595505618,38,0.0,0.1234276729559748
2026-01-16,City_01,S12,Store_12,5028.6,308,371,16.326623376623377,1.2045454545454546,53,0.1652149703694865,0.053076402974983
2026-01-16,City_01,S13,Store_13,1255.3,71,90,17.680281690140845,1.267605633802817,32,0.2195491117661116,0.1125627340078069
2026-01-16,City_02,S01,Store_01,1447.68,90,120,16.085333333333335,1.3333333333333333,37,0.0,0.1338002873563218
2026-01-16,City_02,S02,Store_02,1539.6,84,92,18.32857142857143,1.0952380952380951,32,0.0,0.0193556767991686
2026-01-16,City_02,S03,Store_03,2155.9,139,148,15.510071942446045,1.064748201438849,46,0.0,0.0552901340507444
2026-01-16,City_02,S06,Store_06,2049.2,102,124,20.09019607843137,1.2156862745098038,33,0.0,0.072711301971501
2026-01-16,City_02,S07,Store_07,3031.72,200,208,15.1586,1.04,38,0.0,0.0
2026-01-16,City_02,S10,Store_10,857.84,53,55,16.18566037735849,1.0377358490566038,27,0.0,0.0
2026-01-17,City_01,S04,Store_04,2765.6,181,200,15.279558011049724,1.1049723756906078,45,0.1007376337865201,0.1078608620190916
2026-01-17,City_01,S05,Store_05,1286.4,74,93,17.383783783783784,1.2567567567567568,36,0.1523631840796019,0.0732276119402984
2026-01-17,City_01,S08,Store_08,2685.3,135,174,19.891111111111112,1.288888888888889,47,0.2638066510259561,0.0409265259002718
2026-01-17,City_01,S09,Store_09,3817.79,238,287,16.041134453781513,1.2058823529411764,53,0.0620254126078176,0.0575725747094523
2026-01-17,City_01,S11,Store_11,2228.0,116,132,19.20689655172414,1.137931034482759,40,0.1415619389587073,0.0634201077199281
2026-01-17,City_01,S12,Store_12,5308.6,337,449,15.75252225519288,1.3323442136498516,52,0.134385713747504,0.0561918396564065
2026-01-17,City_01,S13,Store_13,1262.0,75,84,16.826666666666668,1.12,37,0.1923930269413629,0.0373217115689381
2026-01-17,City_02,S01,Store_01,1075.61,68,76,15.81779411764706,1.1176470588235294,36,0.0,0.0831156274114223
2026-01-17,City_02,S02,Store_02,1948.2,105,113,18.554285714285715,1.076190476190476,43,0.0,0.0152961708243506
2026-01-17,City_02,S03,Store_03,2283.3,122,140,18.715573770491805,1.147540983606557,41,0.0,0.0391538562606753
2026-01-17,City_02,S06,Store_06,2323.3,126,141,18.43888888888889,1.119047619047619,39,0.0,0.0641329143890156
2026-01-17,City_02,S07,Store_07,2701.6,170,173,15.891764705882352,1.0176470588235291,37,0.0,0.0
2026-01-17,City_02,S10,Store_10,1148.72,84,86,13.675238095238097,1.0238095238095235,31,0.0,0.0
2026-01-18,City_01,S04,Store_04,4425.4,292,333,15.155479452054792,1.1404109589041096,52,0.1328693451439418,0.1028833551769331
2026-01-18,City_01,S05,Store_05,1545.6,99,126,15.612121212121211,1.2727272727272727,39,0.1248706004140786,0.040631469979296
2026-01-18,City_01,S08,Store_08,2206.5,120,138,18.3875,1.15,45,0.0527532290958531,0.0355767051892136
2026-01-18,City_01,S09,Store_09,4202.14,261,338,16.10015325670498,1.2950191570881229,54,0.1420704688563446,0.0326976254955808
2026-01-18,City_01,S11,Store_11,1729.4,123,146,14.060162601626017,1.1869918699186992,39,0.1150688099919047,0.0
2026-01-18,City_01,S12,Store_12,4448.900000000001,277,342,16.06101083032491,1.2346570397111911,52,0.1693002764728359,0.0635213198768234
2026-01-18,City_01,S13,Store_13,1128.1,70,82,16.115714285714283,1.1714285714285717,30,0.1411222409360872,0.1113376473716869
2026-01-18,City_02,S01,Store_01,1106.52,65,70,17.023384615384614,1.0769230769230769,33,0.0,0.1346564002458157
2026-01-18,City_02,S02,Store_02,2014.7,115,129,17.51913043478261,1.1217391304347826,44,0.0,0.0073956420310716
2026-01-18,City_02,S03,Store_03,2568.7000000000003,132,148,19.45984848484849,1.121212121212121,38,0.0,0.0290029976252579
2026-01-18,City_02,S06,Store_06,2839.0,158,188,17.968354430379748,1.1898734177215189,45,0.0,0.047234941880944
2026-01-18,City_02,S07,Store_07,3175.44,201,207,15.79820895522388,1.0298507462686568,37,0.0,0.0
2026-01-18,City_02,S10,Store_10,820.08,57,61,14.387368421052631,1.0701754385964912,28,0.0,0.0
2026-01-19,City_01,S04,Store_04,3018.5,193,241,15.639896373056995,1.2487046632124352,41,0.10250124233891,0.1144276958754348
2026-01-19,City_01,S05,Store_05,1065.5,73,88,14.595890410958903,1.2054794520547945,34,0.0747067104645706,0.0442045987799155
2026-01-19,City_01,S08,Store_08,2299.1000000000004,131,151,17.550381679389314,1.1526717557251909,46,0.1558000956896176,0.0614588317167587
2026-01-19,City_01,S09,Store_09,3556.0,225,256,15.804444444444444,1.1377777777777778,50,0.0895388076490438,0.0573959505061867
2026-01-19,City_01,S11,Store_11,1154.1,87,100,13.265517241379312,1.1494252873563218,35,0.1034572394073303,0.0136036738584178
2026-01-19,City_01,S12,Store_12,3843.6,236,295,16.2864406779661,1.25,54,0.2073576855031741,0.0735248204807992
2026-01-19,City_01,S13,Store_13,1190.1,63,86,18.89047619047619,1.3650793650793651,28,0.2709016049071506,0.0791530123519032
2026-01-19,City_02,S01,Store_01,1220.3,79,89,15.446835443037974,1.1265822784810129,33,0.0,0.0854707858723265
2026-01-19,City_02,S02,Store_02,1533.7,95,105,16.14421052631579,1.105263157894737,39,0.0,0.0097150681358805
2026-01-19,City_02,S03,Store_03,1954.5,110,120,17.76818181818182,1.0909090909090908,36,0.0,0.0609874648247633
2026-01-19,City_02,S06,Store_06,2267.2000000000003,119,130,19.052100840336134,1.092436974789916,37,0.0,0.0591478475652787
2026-01-19,City_02,S07,Store_07,2984.02,169,179,17.65692307692308,1.0591715976331362,36,0.0,0.0
2026-01-19,City_02,S10,Store_10,818.48,55,57,14.881454545454543,1.0363636363636364,26,0.0,0.0
2026-01-20,City_01,S04,Store_04,2516.8,148,163,17.005405405405405,1.101351351351351,46,0.171567069294342,0.0748569612205975
2026-01-20,City_01,S05,Store_05,1386.3,98,113,14.14591836734694,1.153061224489796,38,0.1722570872105605,0.0792757700353458
2026-01-20,City_01,S08,Store_08,1786.1,92,103,19.41413043478261,1.1195652173913044,39,0.2177929567213481,0.0263703040143329
2026-01-20,City_01,S09,Store_09,3503.76,218,269,16.072293577981654,1.2339449541284404,50,0.1249514806950247,0.0661004178368381
2026-01-20,City_01,S11,Store_11,1304.4,84,99,15.52857142857143,1.1785714285714286,35,0.0610242256976387,0.0962894817540631
2026-01-20,City_01,S12,Store_12,4658.9,295,381,15.792881355932202,1.2915254237288136,55,0.1964841486187727,0.0673978836205971
2026-01-20,City_01,S13,Store_13,905.2,54,84,16.762962962962963,1.5555555555555556,30,0.0813079982324348,0.1734423331860362
2026-01-20,City_02,S01,Store_01,997.8,70,72,14.254285714285714,1.0285714285714285,31,0.0,0.104529965925035
2026-01-20,City_02,S02,Store_02,1927.3,107,113,18.01214953271028,1.0560747663551402,41,0.0,0.0
2026-01-20,City_02,S03,Store_03,2229.3,121,126,18.423966942148763,1.0413223140495869,37,0.0,0.0935719732651505
2026-01-20,City_02,S06,Store_06,2182.0,111,126,19.65765765765766,1.135135135135135,37,0.0,0.0478001833180568
2026-01-20,City_02,S07,Store_07,2771.68,179,188,15.484245810055866,1.0502793296089383,35,0.0,0.0
2026-01-20,City_02,S10,Store_10,968.58,71,71,13.641971830985916,1.0,26,0.0,0.0
2026-01-21,City_01,S04,Store_04,2869.6000000000004,177,198,16.212429378531077,1.11864406779661,49,0.1216894340674658,0.1203652076944521
2026-01-21,City_01,S05,Store_05,1540.0,99,110,15.555555555555555,1.1111111111111112,39,0.1770129870129869,0.0917532467532467
2026-01-21,City_01,S08,Store_08,1451.3,95,106,15.276842105263157,1.1157894736842104,40,0.0274236891063184,0.075725211879005
2026-01-21,City_01,S09,Store_09,3810.98,235,295,16.216936170212765,1.25531914893617,52,0.1438475142876635,0.0453164277954751
2026-01-21,City_01,S11,Store_11,882.8,63,69,14.012698412698413,1.0952380952380951,30,0.0,0.1778432260987766
2026-01-21,City_01,S12,Store_12,3834.6,219,283,17.509589041095893,1.2922374429223744,51,0.1645021645021645,0.0982631826005319
2026-01-21,City_01,S13,Store_13,1138.6,61,68,18.6655737704918,1.1147540983606556,30,0.2743720358334797,0.1516774986825926
2026-01-21,City_02,S01,Store_01,1059.43,68,75,15.57985294117647,1.1029411764705883,32,0.0,0.1406416658014215
2026-01-21,City_02,S02,Store_02,1235.6,74,85,16.6972972972973,1.148648648648649,34,0.0,0.01205891874393
2026-01-21,City_02,S03,Store_03,1651.8,106,117,15.583018867924528,1.1037735849056605,38,0.0,0.0811841627315655
2026-01-21,City_02,S06,Store_06,2279.2000000000003,120,134,18.993333333333336,1.1166666666666667,41,0.0,0.1111354861354861
2026-01-21,City_02,S07,Store_07,2758.2000000000003,169,181,16.3207100591716,1.0710059171597632,37,0.0,0.0
2026-01-21,City_02,S10,Store_10,884.22,56,57,15.789642857142857,1.0178571428571428,22,0.0,0.0
2026-01-22,City_01,S04,Store_04,2539.0,164,192,15.481707317073171,1.170731707317073,46,0.1387160299330445,0.0742024419062623
2026-01-22,City_01,S05,Store_05,1148.3,71,81,16.173239436619717,1.1408450704225352,33,0.0693198641469999,0.0410171557955238
2026-01-22,City_01,S08,Store_08,1187.7,82,110,14.484146341463417,1.3414634146341464,33,0.1005304369790351,0.118969436726446
2026-01-22,City_01,S09,Store_09,2688.0,185,210,14.52972972972973,1.135135135135135,45,0.1310267857142857,0.0985863095238095
2026-01-22,City_01,S11,Store_11,1134.8,63,84,18.012698412698413,1.3333333333333333,32,0.1753612971448713,0.027670074021854
2026-01-22,City_01,S12,Store_12,3672.9,213,278,17.243661971830985,1.3051643192488265,51,0.1833973154727872,0.0641182716654414
2026-01-22,City_01,S13,Store_13,679.9,45,50,15.108888888888888,1.1111111111111112,26,0.1082512134137373,0.0923665244888954
2026-01-22,City_02,S01,Store_01,1124.2,76,84,14.792105263157897,1.105263157894737,31,0.0,0.0795232165095178
2026-01-22,City_02,S02,Store_02,1695.4,106,121,15.99433962264151,1.1415094339622642,37,0.0469505721363689,0.008788486492863
2026-01-22,City_02,S03,Store_03,2503.6,133,145,18.82406015037594,1.0902255639097744,43,0.2387761623262501,0.0595142994088512
2026-01-22,City_02,S06,Store_06,2490.0000000000005,146,155,17.054794520547947,1.0616438356164384,41,0.1881927710843373,0.1017269076305221
2026-01-22,City_02,S07,Store_07,2437.62,149,159,16.35986577181208,1.0671140939597314,33,0.0,0.0
2026-01-22,City_02,S10,Store_10,1365.28,85,90,16.062117647058823,1.0588235294117647,33,0.0,0.0
2026-01-23,City_01,S04,Store_04,2613.4,162,188,16.1320987654321,1.160493827160494,47,0.1956837835769496,0.0961199969388536
2026-01-23,City_01,S05,Store_05,1192.6,84,105,14.197619047619046,1.25,33,0.2669797082005702,0.0263290290122421
2026-01-23,City_01,S08,Store_08,1651.9,95,116,17.38842105263158,1.2210526315789474,42,0.165022095768509,0.0665294509352866
2026-01-23,City_01,S09,Store_09,2851.9300000000003,191,223,14.931570680628274,1.1675392670157068,47,0.2190797109325965,0.0371678126742241
2026-01-23,City_01,S11,Store_11,1244.9,83,91,14.998795180722892,1.0963855421686748,35,0.2877339545345007,0.0378343642059603
2026-01-23,City_01,S12,Store_12,4158.2,236,295,17.61949152542373,1.25,49,0.2643932470780626,0.0717377711509787
2026-01-23,City_01,S13,Store_13,1443.4,78,85,18.505128205128205,1.0897435897435896,35,0.2970763475128169,0.0761396702230843
2026-01-23,City_02,S01,Store_01,1117.5,53,57,21.08490566037736,1.0754716981132075,26,0.3214317673378076,0.16
2026-01-23,City_02,S02,Store_02,1398.3,84,92,16.646428571428572,1.0952380952380951,37,0.1664878781377387,0.0213115926482156
2026-01-23,City_02,S03,Store_03,2335.7000000000003,124,140,18.83629032258065,1.1290322580645162,38,0.1665453611337072,0.0637924390974868
2026-01-23,City_02,S06,Store_06,2412.6,140,160,17.232857142857142,1.1428571428571428,47,0.2297106855674376,0.0370554588410843
2026-01-23,City_02,S07,Store_07,2779.5,158,160,17.591772151898734,1.0126582278481011,38,0.0,0.0
2026-01-23,City_02,S10,Store_10,1210.16,78,82,15.514871794871796,1.051282051282051,31,0.0,0.0
2026-01-24,City_01,S04,Store_04,2796.4,163,189,17.155828220858897,1.1595092024539877,43,0.2650550708053211,0.0729866971820912
2026-01-24,City_01,S05,Store_05,1354.1,86,103,15.745348837209304,1.197674418604651,41,0.2013145262536001,0.0231888339118233
2026-01-24,City_01,S08,Store_08,1536.3000000000002,87,103,17.658620689655173,1.1839080459770115,35,0.1495801601249755,0.0408774327930742
2026-01-24,City_01,S09,Store_09,3912.460000000001,231,300,16.93705627705628,1.2987012987012987,52,0.2489482320586025,0.047923812639618
2026-01-24,City_01,S11,Store_11,1656.8,111,125,14.926126126126126,1.1261261261261262,44,0.2588121680347658,0.0568565910188314
2026-01-24,City_01,S12,Store_12,4209.8,265,321,15.886037735849058,1.211320754716981,54,0.2145945175542781,0.0410233265238253
2026-01-24,City_01,S13,Store_13,1239.4,82,98,15.114634146341464,1.195121951219512,42,0.1902533483943843,0.0760045183153138
2026-01-24,City_02,S01,Store_01,1357.6,74,80,18.34594594594595,1.0810810810810811,34,0.2337949322333529,0.0439010017678255
2026-01-24,City_02,S02,Store_02,2101.3,116,126,18.114655172413794,1.0862068965517242,42,0.1311569028696521,0.0
2026-01-24,City_02,S03,Store_03,2506.4,134,143,18.7044776119403,1.0671641791044777,40,0.2103415256942228,0.0713373763166294
2026-01-24,City_02,S06,Store_06,2730.1000000000004,143,158,19.091608391608396,1.1048951048951048,43,0.3006483279000769,0.054576755430204
2026-01-24,City_02,S07,Store_07,2782.24,177,188,15.718870056497176,1.0621468926553672,37,0.0,0.0
2026-01-24,City_02,S10,Store_10,638.1800000000001,43,43,14.84139534883721,1.0,20,0.0,0.0
2026-01-25,City_01,S04,Store_04,2585.2,143,162,18.07832167832168,1.132867132867133,44,0.2890298622930528,0.1336066842023828
2026-01-25,City_01,S05,Store_05,1927.3,114,132,16.90614035087719,1.1578947368421053,44,0.1652052093602448,0.0651688891194935
2026-01-25,City_01,S08,Store_08,1992.1,123,143,16.195934959349593,1.1626016260162602,44,0.0599367501631444,0.0157622609306761
2026-01-25,City_01,S09,Store_09,2530.25,149,181,16.981543624161073,1.2147651006711409,44,0.2347594111253829,0.080308269933801
2026-01-25,City_01,S11,Store_11,1339.1,76,88,17.619736842105265,1.1578947368421053,31,0.3566574565006347,0.0
2026-01-25,City_01,S12,Store_12,3825.2,238,284,16.072268907563025,1.1932773109243695,50,0.2241974275854857,0.0656697689009725
2026-01-25,City_01,S13,Store_13,1382.3,81,87,17.06543209876543,1.0740740740740742,33,0.2281704405700644,0.0681472907473052
2026-01-25,City_02,S01,Store_01,1224.73,70,83,17.496142857142857,1.1857142857142855,31,0.1966147640704481,0.0729956806806398
2026-01-25,City_02,S02,Store_02,1623.9,85,104,19.104705882352945,1.223529411764706,31,0.2659030728493133,0.0
2026-01-25,City_02,S03,Store_03,2992.6000000000004,154,186,19.43246753246753,1.207792207792208,44,0.2107866069638441,0.0547684287910178
2026-01-25,City_02,S06,Store_06,2388.9,125,156,19.1112,1.248,40,0.2486500062790405,0.0498974423374775
2026-01-25,City_02,S07,Store_07,3194.8,198,208,16.135353535353538,1.0505050505050506,41,0.0,0.0
2026-01-25,City_02,S10,Store_10,1151.18,77,79,14.95038961038961,1.025974025974026,28,0.0,0.0
2026-01-26,City_01,S04,Store_04,3131.4,192,228,16.309375,1.1875,45,0.3148751357220413,0.075205978156735
2026-01-26,City_01,S05,Store_05,1186.1,78,96,15.206410256410258,1.2307692307692308,29,0.1988027990894528,0.052946631818565
2026-01-26,City_01,S08,Store_08,1370.0,84,99,16.30952380952381,1.1785714285714286,36,0.2324087591240875,0.0343795620437956
2026-01-26,City_01,S09,Store_09,3282.76,168,208,19.54023809523809,1.238095238095238,44,0.3497666597619076,0.0430430491415759
2026-01-26,City_01,S11,Store_11,1113.7,88,102,12.65568181818182,1.1590909090909092,38,0.142946933644608,0.0
2026-01-26,City_01,S12,Store_12,2959.6,173,226,17.10751445086705,1.30635838150289,43,0.2649006622516556,0.053723476145425
2026-01-26,City_01,S13,Store_13,1052.0,50,55,21.04,1.1,28,0.3726235741444867,0.1343155893536121
2026-01-26,City_02,S01,Store_01,1068.35,63,71,16.957936507936505,1.126984126984127,28,0.4107268217344503,0.12552066270417
2026-01-26,City_02,S02,Store_02,1017.7,44,47,23.12954545454545,1.068181818181818,26,0.4301857128819888,0.0
2026-01-26,City_02,S03,Store_03,2010.0,121,125,16.611570247933884,1.033057851239669,39,0.158407960199005,0.1111940298507462
2026-01-26,City_02,S06,Store_06,3014.5,150,166,20.096666666666668,1.106666666666667,45,0.2844916238182119,0.0494277657986399
2026-01-26,City_02,S07,Store_07,2874.12,161,169,17.85167701863354,1.049689440993789,39,0.0,0.0
2026-01-26,City_02,S10,Store_10,1148.64,75,77,15.3152,1.0266666666666666,30,0.0,0.0
2026-01-27,City_01,S04,Store_04,1918.9,123,138,15.60081300813008,1.1219512195121952,43,0.2042837042055344,0.188180728542394
2026-01-27,City_01,S05,Store_05,1061.3,64,81,16.5828125,1.265625,36,0.112503533402431,0.0295863563554131
2026-01-27,City_01,S08,Store_08,768.1,48,61,16.002083333333335,1.2708333333333333,32,0.0518161697695612,0.0613201406066918
2026-01-27,City_01,S09,Store_09,3074.62,189,241,16.26783068783069,1.2751322751322751,45,0.2051635649283489,0.0558768238026162
2026-01-27,City_01,S11,Store_11,884.9,54,64,16.387037037037036,1.1851851851851851,30,0.2248841677025652,0.0
2026-01-27,City_01,S12,Store_12,3294.7000000000003,201,249,16.391542288557215,1.2388059701492538,48,0.1766473427019151,0.0810088930706892
2026-01-27,City_01,S13,Store_13,726.5,28,39,25.946428571428573,1.3928571428571428,17,0.4382656572608396,0.1512732278045423
2026-01-27,City_02,S01,Store_01,972.5,47,50,20.69148936170213,1.0638297872340423,26,0.3335732647814909,0.0919280205655527
2026-01-27,City_02,S02,Store_02,1836.4,98,111,18.73877551020408,1.1326530612244898,36,0.3218253103898932,0.0081137007187976
2026-01-27,City_02,S03,Store_03,2288.6,129,141,17.74108527131783,1.0930232558139534,44,0.0869527221882373,0.0585947740977016
2026-01-27,City_02,S06,Store_06,2066.8,110,116,18.78909090909091,1.0545454545454545,37,0.3052061157344687,0.0216276369266498
2026-01-27,City_02,S07,Store_07,2534.48,175,184,14.482742857142858,1.0514285714285714,37,0.0,0.0
2026-01-27,City_02,S10,Store_10,596.98,38,38,15.71,1.0,22,0.0,0.0
2026-01-28,City_01,S04,Store_04,1422.0,82,91,17.341463414634145,1.1097560975609757,35,0.0839662447257384,0.1545710267229254
2026-01-28,City_01,S05,Store_05,619.6999999999999,36,45,17.21388888888889,1.25,23,0.2520574471518477,0.0253348394384379
2026-01-28,City_01,S08,Store_08,1140.8,65,86,17.55076923076923,1.323076923076923,30,0.3488779803646564,0.0275245441795231
2026-01-28,City_01,S09,Store_09,2766.89,156,201,17.73647435897436,1.2884615384615383,50,0.2412817278605221,0.1060757746061462
2026-01-28,City_01,S11,Store_11,515.8,39,42,13.225641025641025,1.0769230769230769,28,0.2256688639007367,0.0
2026-01-28,City_01,S12,Store_12,4004.7,233,321,17.187553648068672,1.3776824034334765,52,0.2668364671510975,0.0627262966014932
2026-01-28,City_01,S13,Store_13,573.6999999999999,31,35,18.506451612903223,1.1290322580645162,18,0.3468711870315496,0.2462959735053164
2026-01-28,City_02,S01,Store_01,963.3,51,54,18.88823529411765,1.0588235294117647,22,0.4235440672687636,0.1546766324094259
2026-01-28,City_02,S02,Store_02,1554.9,100,112,15.549,1.12,35,0.0,0.0383304392565438
2026-01-28,City_02,S03,Store_03,2358.9,140,152,16.849285714285713,1.0857142857142856,36,0.0,0.0694815380050023
2026-01-28,City_02,S06,Store_06,1725.8000000000002,113,123,15.272566371681418,1.0884955752212389,34,0.0,0.0777030942171746
2026-01-28,City_02,S07,Store_07,2950.24,195,206,15.1294358974359,1.0564102564102564,40,0.0,0.0
2026-01-28,City_02,S10,Store_10,620.32,37,41,16.765405405405406,1.108108108108108,24,0.0,0.0
2026-01-29,City_01,S04,Store_04,1630.2,87,104,18.73793103448276,1.1954022988505748,33,0.3887866519445467,0.0963072015703594
2026-01-29,City_01,S05,Store_05,1129.5,70,80,16.135714285714286,1.1428571428571428,36,0.1409473218238158,0.0833997343957503
2026-01-29,City_01,S08,Store_08,1138.5,68,78,16.74264705882353,1.1470588235294117,34,0.1345630215195432,0.0689503732981993
2026-01-29,City_01,S09,Store_09,3281.07,218,261,15.050779816513762,1.1972477064220184,48,0.2259019161432093,0.0718058438253374
2026-01-29,City_01,S11,Store_11,777.1,47,51,16.53404255319149,1.0851063829787233,29,0.2010037318234461,0.0
2026-01-29,City_01,S12,Store_12,2716.7000000000003,161,193,16.87391304347826,1.1987577639751552,44,0.2739352891375566,0.0577907019545772
2026-01-29,City_01,S13,Store_13,862.4,43,49,20.05581395348837,1.1395348837209305,24,0.3195732838589981,0.0728200371057513
2026-01-29,City_02,S01,Store_01,1850.51,114,131,16.232543859649123,1.149122807017544,42,0.2204797596338306,0.0563628405142366
2026-01-29,City_02,S02,Store_02,1130.1,67,87,16.86716417910448,1.2985074626865671,31,0.0,0.0131846739226617
2026-01-29,City_02,S03,Store_03,1590.2,103,112,15.438834951456313,1.087378640776699,40,0.0,0.1311784681172179
2026-01-29,City_02,S06,Store_06,2217.8,141,160,15.7290780141844,1.1347517730496457,42,0.0,0.0671836955541527
2026-01-29,City_02,S07,Store_07,3261.5,200,224,16.3075,1.12,38,0.0,0.0
2026-01-29,City_02,S10,Store_10,817.0,53,57,15.41509433962264,1.0754716981132075,29,0.0,0.0
